-- ============================================================
-- شوف TV — Seed Data (Matches Existing Mock Data)
-- ============================================================

-- Leagues (matching League.getMockLeagues())
INSERT INTO public.leagues (id, name, logo_url, country) VALUES
  ('a1000000-0000-0000-0000-000000000001', 'دوري روشن السعودي', '', 'السعودية'),
  ('a1000000-0000-0000-0000-000000000002', 'الدوري الإنجليزي الممتاز', '', 'إنجلترا'),
  ('a1000000-0000-0000-0000-000000000003', 'لاليغا', '', 'إسبانيا'),
  ('a1000000-0000-0000-0000-000000000004', 'دوري أبطال أوروبا', '', 'أوروبا'),
  ('a1000000-0000-0000-0000-000000000005', 'الدوري الإيطالي', '', 'إيطاليا'),
  ('a1000000-0000-0000-0000-000000000006', 'الدوري الألماني', '', 'ألمانيا'),
  ('a1000000-0000-0000-0000-000000000007', 'الدوري الفرنسي', '', 'فرنسا'),
  ('a1000000-0000-0000-0000-000000000008', 'دوري يلو', '', 'السعودية');

-- Teams (Saudi Pro League)
INSERT INTO public.teams (id, league_id, name, short_name, logo_url) VALUES
  ('b1000000-0000-0000-0000-000000000001', 'a1000000-0000-0000-0000-000000000001', 'الهلال', 'HIL', ''),
  ('b1000000-0000-0000-0000-000000000002', 'a1000000-0000-0000-0000-000000000001', 'النصر', 'NAS', ''),
  ('b1000000-0000-0000-0000-000000000003', 'a1000000-0000-0000-0000-000000000001', 'الاتحاد', 'ITH', ''),
  ('b1000000-0000-0000-0000-000000000004', 'a1000000-0000-0000-0000-000000000001', 'الأهلي', 'AHL', ''),
  ('b1000000-0000-0000-0000-000000000005', 'a1000000-0000-0000-0000-000000000001', 'الشباب', 'SHB', ''),
  ('b1000000-0000-0000-0000-000000000006', 'a1000000-0000-0000-0000-000000000001', 'الفتح', 'FTH', '');

-- Teams (Premier League)
INSERT INTO public.teams (id, league_id, name, short_name, logo_url) VALUES
  ('b2000000-0000-0000-0000-000000000001', 'a1000000-0000-0000-0000-000000000002', 'مانشستر سيتي', 'MCI', ''),
  ('b2000000-0000-0000-0000-000000000002', 'a1000000-0000-0000-0000-000000000002', 'ليفربول', 'LIV', ''),
  ('b2000000-0000-0000-0000-000000000003', 'a1000000-0000-0000-0000-000000000002', 'أرسنال', 'ARS', '');

-- Sample Match (Live)
INSERT INTO public.matches (id, league_id, home_team_id, away_team_id, start_time, status, home_score, away_score, minute, venue, referee, channel, commentator, round) VALUES
  ('c1000000-0000-0000-0000-000000000001', 'a1000000-0000-0000-0000-000000000001',
   'b1000000-0000-0000-0000-000000000001', 'b1000000-0000-0000-0000-000000000002',
   now() - interval '80 minutes', 'live', 2, 1, 82,
   'استاد الملك فهد الدولي', 'محمد الحربي', 'SSC Sport', 'عيسى الحربين', 'الجولة 25');

-- Sample Match (Upcoming)
INSERT INTO public.matches (id, league_id, home_team_id, away_team_id, start_time, status, venue, referee, channel, commentator, round) VALUES
  ('c1000000-0000-0000-0000-000000000002', 'a1000000-0000-0000-0000-000000000001',
   'b1000000-0000-0000-0000-000000000003', 'b1000000-0000-0000-0000-000000000004',
   now() + interval '2 hours', 'upcoming',
   'استاد الجوهرة', 'سعود المولد', 'SSC Sport', 'خالد قمر', 'الجولة 25');

-- Match Events
INSERT INTO public.match_events (match_id, minute, event_type, player_name, team_id) VALUES
  ('c1000000-0000-0000-0000-000000000001', 23, 'goal', 'ميتروفيتش', 'b1000000-0000-0000-0000-000000000001'),
  ('c1000000-0000-0000-0000-000000000001', 45, 'goal', 'كريستيانو رونالدو', 'b1000000-0000-0000-0000-000000000002'),
  ('c1000000-0000-0000-0000-000000000001', 67, 'goal', 'مالكوم', 'b1000000-0000-0000-0000-000000000001'),
  ('c1000000-0000-0000-0000-000000000001', 72, 'yellow_card', 'أوتافيو', 'b1000000-0000-0000-0000-000000000002');

-- Standings (Saudi Pro League)
INSERT INTO public.standings (league_id, team_id, position, points, played, wins, draws, losses, goals_for, goals_against, form, trend) VALUES
  ('a1000000-0000-0000-0000-000000000001', 'b1000000-0000-0000-0000-000000000001', 1, 60, 25, 19, 3, 3, 55, 18, '{"W","W","D","W","W"}', 'same'),
  ('a1000000-0000-0000-0000-000000000001', 'b1000000-0000-0000-0000-000000000002', 2, 55, 25, 17, 4, 4, 52, 22, '{"W","L","W","W","D"}', 'up'),
  ('a1000000-0000-0000-0000-000000000001', 'b1000000-0000-0000-0000-000000000003', 3, 50, 25, 15, 5, 5, 45, 25, '{"D","W","W","L","W"}', 'same'),
  ('a1000000-0000-0000-0000-000000000001', 'b1000000-0000-0000-0000-000000000004', 4, 45, 25, 13, 6, 6, 40, 30, '{"L","W","D","W","L"}', 'down'),
  ('a1000000-0000-0000-0000-000000000001', 'b1000000-0000-0000-0000-000000000005', 5, 38, 25, 11, 5, 9, 35, 32, '{"W","L","L","W","D"}', 'same'),
  ('a1000000-0000-0000-0000-000000000001', 'b1000000-0000-0000-0000-000000000006', 6, 30, 25, 8, 6, 11, 28, 38, '{"L","L","D","W","L"}', 'down');

-- Player Stats (Top Scorers)
INSERT INTO public.player_stats (league_id, team_id, player_name, goals, assists, matches_played) VALUES
  ('a1000000-0000-0000-0000-000000000001', 'b1000000-0000-0000-0000-000000000001', 'ميتروفيتش', 18, 5, 24),
  ('a1000000-0000-0000-0000-000000000001', 'b1000000-0000-0000-0000-000000000002', 'كريستيانو رونالدو', 16, 3, 25),
  ('a1000000-0000-0000-0000-000000000001', 'b1000000-0000-0000-0000-000000000003', 'بنزيما', 14, 8, 23),
  ('a1000000-0000-0000-0000-000000000001', 'b1000000-0000-0000-0000-000000000004', 'فيرمينو', 12, 6, 22),
  ('a1000000-0000-0000-0000-000000000001', 'b1000000-0000-0000-0000-000000000001', 'مالكوم', 10, 12, 25);

-- News
INSERT INTO public.news (title, subtitle, image_url, category, url) VALUES
  ('رسميًا: الهلال يوقع مع النجم العالمي', 'صفقة مدوية تهز الدوري السعودي للمحترفين في الميركاتو الشتوي.', 'https://images.unsplash.com/photo-1522778119026-d647f0565c6a?auto=format&fit=crop&q=80&w=1000', 'انتقال', 'https://shoof.tv/news/1'),
  ('ملخص مباراة النصر والاتحاد', 'كلاسيكو مثير ينتهي بالتعادل الإيجابي وأهداف مذهلة.', 'https://images.unsplash.com/photo-1489944440615-453fc2b6a9a9?auto=format&fit=crop&q=80&w=1000', 'ملخص', 'https://shoof.tv/news/2'),
  ('إصابة قوية تبعد نجم الأهلي', 'التقارير الطبية تؤكد غياب اللاعب عن الملاعب لمدة شهر.', 'https://images.unsplash.com/photo-1518609878373-06d740f60d8b?auto=format&fit=crop&q=80&w=1000', 'إصابة', 'https://shoof.tv/news/3'),
  ('ترتيب الدوري بعد الجولة 25', 'اشتعلت المنافسة على اللقب وصراع الهبوط يشتد.', 'https://images.unsplash.com/photo-1577416412292-7611e37a29e2?auto=format&fit=crop&q=80&w=1000', 'تحديثات', 'https://shoof.tv/news/4'),
  ('تصريحات نارية من مدرب المنتخب', 'المدرب يكشف أسباب استبعاد بعض النجوم من القائمة.', 'https://images.unsplash.com/photo-1431324155629-1a6deb1dec8d?auto=format&fit=crop&q=80&w=1000', 'عاجل', 'https://shoof.tv/news/5');

-- Streaming Servers (for live match)
INSERT INTO public.streaming_servers (match_id, name, url, quality, priority, is_backup) VALUES
  ('c1000000-0000-0000-0000-000000000001', 'سيرفر أساسي (Full HD)', 'https://test-streams.mux.dev/x36xhzz/x36xhzz.m3u8', '1080p', 1, false),
  ('c1000000-0000-0000-0000-000000000001', 'سيرفر احتياطي 1 (HD)', 'https://demo.unified-streaming.com/k8s/features/stable/video/tears-of-steel/tears-of-steel.ism/.m3u8', '720p', 2, false),
  ('c1000000-0000-0000-0000-000000000001', 'سيرفر طوارئ (SD)', 'https://devstreaming-cdn.apple.com/videos/streaming/examples/img_bipbop_adv_example_fmp4/master.m3u8', '360p', 3, true);
